country,rank,name,id,releaseDate,Primary_Genre,Artist
us,1,Mommy Doomsday,1540849480,2021-02-09,True Crime,NBC News
us,2,Crime Junkie,1322200189,2020-10-26,True Crime,audiochuck
us,3,The Daily,1200361736,2020-10-28,Daily News,The New York Times
us,4,Dateline NBC,1464919521,2020-10-28,True Crime,NBC News
us,5,Morbid: A True Crime Podcast,1379959217,2020-10-27,Comedy,Morbid: A True Crime Podcast
us,6,The Bible in a Year (with Fr. Mike Schmitz),1539568321,2020-12-14,Christianity,Ascension Catholic Faith Formation
us,7,The Ben Shapiro Show,1047335260,2020-10-27,News,The Daily Wire
us,8,Against The Odds,1553335461,2021-02-23,Society & Culture,Wondery
us,9,Unraveled: Long Island Serial Killer,1543476170,2020-12-09,True Crime,Investigation Discovery
us,10,SmartLess,1521578868,2020-10-26,Comedy Interviews,"Will Arnett, Jason Bateman, Sean Hayes"
us,11,Armchair Expert with Dax Shepard,1345682353,2020-10-26,Comedy,Armchair Umbrella
us,12,Up First,1222114325,2020-10-28,Daily News,NPR
us,13,Unsolved Mysteries,1549903604,2021-02-17,True Crime,"Cosgrove Meurer Productions, Inc. + Cadence13"
us,14,My Favorite Murder with Karen Kilgariff and Georgia Hardstark,1074507850,2020-10-26,True Crime,Exactly Right
us,15,You're Wrong About,1380008439,2020-10-22,History,Michael Hobbes & Sarah Marshall
us,16,Macrodosing: Arian Foster and PFT Commenter,1551696865,2021-02-23,Philosophy,Barstool Sports
us,17,Stuff You Should Know,278981407,2020-10-28,Society & Culture,iHeartRadio
us,18,The Joe Rogan Experience,360084272,2020-10-28,Comedy,Joe Rogan
us,19,In Plain Sight: Lady Bird Johnson,1554132477,2021-03-01,History,ABC News
us,20,This American Life,201671138,2020-10-25,Personal Journals,This American Life
us,21,The Office Deep Dive with Brian Baumgartner,1550331348,2021-02-09,TV & Film,iHeartRadio
us,22,The Apology Line,1545233696,2021-01-05,True Crime,Wondery
us,23,Hidden Brain,1028908750,2020-10-26,Social Sciences,Hidden Brain
us,24,The Dave Ramsey Show,77001367,2020-10-27,Investing,Ramsey Network
us,25,Pod Save America,1192761536,2020-10-26,Politics,Crooked Media
us,26,I AM Athlete Podcast,1537836233,2021-02-19,Sports,"Brandon Marshall, Chad Johnson, Fred Taylor, Channing Crowder"
us,27,The Dan Bongino Show,965293227,2020-10-28,News Commentary,Westwood One Podcast Network / Dan Bongino
us,28,The Ezra Klein Show,1548604447,2021-01-13,Society & Culture,New York Times Opinion
us,29,Call Her Daddy,1418960261,2020-10-28,Comedy,Barstool Sports
us,30,Red Collar,1541330058,2020-12-01,True Crime,audiochuck
us,31,Embedded,1091709555,2021-02-25,News Commentary,NPR
us,32,On Purpose with Jay Shetty,1450994021,2020-11-02,Health & Fitness,Jay Shetty and Kast Media
us,33,Unlocking Us with Brené Brown,1494350511,2020-10-28,Relationships,Parcast Network
us,34,LeVar Burton Reads,1244649384,2021-02-23,Performing Arts,LeVar Burton and Stitcher
us,35,The Opportunist,1551162705,2021-02-16,True Crime,Kast Media
us,36,The Bill Simmons Podcast,1043699613,2020-10-28,Sports,The Ringer & Bill Simmons
us,37,Sal and Chris Present: Hey Babe!,1542475843,2021-01-21,Comedy Interviews,No Presh Network
us,38,2 Bears 1 Cave with Tom Segura & Bert Kreischer,1468013270,2020-10-26,Comedy,YMH Studios
us,39,The Dan Le Batard Show with Stugotz,934820588,2021-02-16,Sports,"Dan Le Batard, Stugotz"
us,40,La Brega,1553089886,2021-02-24,Society & Culture,WNYC Studios and Futuro Studios
us,41,Office Ladies,1480311435,2020-10-28,Comedy,Earwolf & Jenna Fischer and Angela Kinsey
us,42,Fresh Air,214089682,2020-10-27,Books,NPR
us,43,No F*cks Given Podcast,1546104578,2021-02-16,Self-Improvement,Sarah Knight and Cadence13
us,44,Serial,917918570,2020-08-20,News,This American Life
us,45,Conan O’Brien Needs A Friend,1438054347,2020-10-28,Comedy,Team Coco & Earwolf
us,46,Something Was Wrong,1447286743,2020-11-23,True Crime,Tiffany Reese
us,47,Pardon My Take,1089022756,2020-10-28,Football,Barstool Sports
us,48,Louder with Crowder,929121341,2020-10-26,News,Blaze Podcast Network
us,49,Planet Money,290783428,2020-10-23,Business,NPR
us,50,Serial Killers,1205030005,2020-11-02,True Crime,Parcast Network
us,51,The NPR Politics Podcast,1057255460,2020-10-27,Politics,NPR
us,52,Monday Morning Podcast,480486345,2020-10-26,Comedy,All Things Comedy | Wondery
us,53,The Megyn Kelly Show,1532976305,2020-10-28,News Commentary,Devil May Care Media
us,54,Anatomy of Murder,1532894981,2020-10-28,True Crime,audiochuck
us,55,Unsolved Murders: True Crime Stories,1122804248,2020-10-27,True Crime,Parcast Network
us,56,This is Paris,1552058389,2021-02-22,Society & Culture,iHeartRadio & Paris Hilton
us,57,The Charlie Kirk Show,1460600818,2020-10-28,News,PodcastOne
us,58,The Michelle Obama Podcast,1532956108,2020-09-30,Relationships,Higher Ground & Spotify
us,59,Cautionary Tales,1484511465,2021-02-12,History,Pushkin Industries
us,60,True Crime Obsessed,1232009882,2020-11-03,True Crime,Obsessed Network
us,61,Consider This from NPR,1503226625,2020-10-27,Daily News,NPR
us,62,Huberman Lab,1545953110,2021-02-22,Health & Fitness,Dr. Andrew Huberman
us,63,The Tim Ferriss Show,863897795,2020-10-28,Entrepreneurship,"Tim Ferriss: Bestselling Author, Human Guinea Pig"
us,64,VIEWS with David Dobrik and Jason Nash,1236778275,2020-11-03,Comedy,Cadence13
us,65,Earn Your Leisure,1450211392,2021-01-29,Business,The Black Effect and iHeartRadio
us,66,Wow in the World,1233834541,2021-01-18,Stories for Kids,NPR
us,67,H3 Podcast,1186098620,2021-01-20,Comedy,Ethan Klein
us,68,The Moth,275699983,2020-11-03,Performing Arts,The Moth
us,69,Casefile True Crime,998568017,2020-10-27,True Crime,Casefile Presents
us,70,How I Built This with Guy Raz,1150510297,2020-10-26,Business,NPR
us,71,The Daily Show With Trevor Noah: Ears Edition,1334878780,2020-10-28,Comedy,iHeartRadio & Comedy Central
us,72,The Breakfast Club,1232428553,2020-11-03,Comedy,iHeartRadio
us,73,The Thing About Pam,1479234915,2019-09-27,True Crime,NBC News
us,74,Allen v. Farrow Podcast,1554108046,2021-02-24,TV & Film,HBO
us,75,The Michael Knowles Show,1266577963,2020-11-04,News Commentary,The Daily Wire
us,76,American Scandal,1435516849,2020-10-27,History,Wondery
us,77,Tim Pool Daily Show,1362265400,2021-03-02,Politics,Tim Pool
us,78,I Spy,1482310665,2021-02-23,Society & Culture,Foreign Policy
us,79,The Bible Recap,1440833267,2020-12-22,Christianity,D-Group
us,80,The Rachel Maddow Show,294055449,2020-11-03,Daily News,"Rachel Maddow, MSNBC"
us,81,Sway,1528594034,2020-10-26,Society & Culture,New York Times Opinion
us,82,Good Sex,1553344468,2021-03-02,Sexuality,Lemonada Media
us,83,Wait Wait... Don't Tell Me!,121493804,2020-10-24,Comedy,NPR
us,84,Get Sleepy: Sleep meditation and stories,1487513861,2020-10-28,Alternative Health,Get Sleepy
us,85,Nurture vs Nurture with Dr. Wendy Mogel,1549814799,2021-02-16,Kids & Family,Armchair Umbrella
us,86,TED Talks Daily,160904630,2020-10-27,Education,TED
us,87,The Jordan B. Peterson Podcast,1184022695,2020-11-01,Education,Dr. Jordan B. Peterson
us,88,UnF*ck Your Brain,1229434818,2021-02-04,Mental Health,Kara Loewentheil
us,89,Ten Percent Happier with Dan Harris,1087147821,2020-10-28,Mental Health,ABC News
us,90,Revisionist History,1119389968,2020-09-10,Society & Culture,Pushkin Industries
us,91,Short Wave,1482575855,2021-01-26,Life Sciences,NPR
us,92,Supernatural with Ashley Flowers,1500667648,2020-11-04,Society & Culture,Parcast Network
us,93,Radiolab,152249110,2020-10-23,Documentary,WNYC Studios
us,94,Zane and Heath: Unfiltered,1478746415,2021-02-08,Comedy Interviews,The Roost x Zane and Heath
us,95,Even the Rich,1500477470,2020-10-27,Society & Culture,Wondery
us,96,Adam Carolla Show,306390087,2020-10-28,Comedy,PodcastOne / Carolla Digital
us,97,BiggerPockets Real Estate Podcast,594419649,2020-10-25,Investing,BiggerPockets
us,98,Lex Fridman Podcast,1434243584,2020-10-30,Technology,Lex Fridman
us,99,Revolutions,703889772,2020-12-25,History,Mike Duncan
us,100,Throughline,1451109634,2020-10-22,History,NPR
us,101,Higher Learning with Van Lathan and Rachel Lindsay,1515152489,2021-02-12,Society & Culture,The Ringer
us,102,Jocko Podcast,1070322219,2020-10-28,Business,Jocko DEFCOR Network
us,103,This Past Weekend,1190981360,2021-02-06,Stand-Up,Theo Von
us,104,Oprah’s SuperSoul Conversations,1264843400,2020-10-28,Society & Culture,Oprah
us,105,Duolingo Spanish Podcast,1317493077,2020-10-22,Education,Duolingo
us,106,"The Doctor's Farmacy with Mark Hyman, M.D.",1382804627,2020-12-04,Medicine,Dr. Mark Hyman
us,107,Freakonomics Radio,354668519,2020-10-22,Documentary,Freakonomics Radio + Stitcher
us,108,The Candace Owens Show,1454587745,2020-10-18,Education,PragerU
us,109,WorkLife with Adam Grant,1346314086,2021-02-23,Management,TED
us,110,True Crime Garage,1062418176,2020-10-28,True Crime,TRUE CRIME GARAGE
us,111,Mark Levin Podcast,209377688,2020-11-04,News Commentary,Westwood One Podcast Network
us,112,The Matt Walsh Show,1367210511,2021-01-06,News Commentary,The Daily Wire
us,113,Anything Goes with Emma Chamberlain,1458568923,2021-02-18,Personal Journals,Emma Chamberlain and Ramble
us,114,Maintenance Phase,1535408667,2021-03-02,Health & Fitness,Aubrey Gordon & Michael Hobbes
us,115,The Glenn Beck Program,620967489,2020-10-27,News Commentary,Blaze Podcast Network
us,116,Dr. Death,1421573955,2020-10-27,True Crime,Wondery
us,117,Reparations: The Big Payback,1548013961,2021-02-18,Documentary,The Black Effect & iHeartRadio
us,118,NPR News Now,121493675,2020-11-04,Daily News,NPR
us,119,Bridgerton: The Official Podcast,1551820452,2021-02-25,TV & Film,Shondaland Audio & iHeartRadio
us,120,Lore,978052928,2020-10-26,History,Aaron Mahnke and Grim & Mild
us,121,Made For This with Jennie Allen,1466667116,2021-03-02,Christianity,Jennie Allen
us,122,Sex With Emily,82456189,2021-02-09,Sexuality,"Emily Morse, Doctor of Human Sexuality - SexWithEmily.com"
us,123,The Pat McAfee Show 2.0,1435183458,2020-10-29,Sports,Pat McAfee
us,124,Stuff You Missed in History Class,283605519,2020-11-02,History,iHeartRadio
us,125,The Mindset Mentor,1033048640,2021-01-08,Mental Health,Rob Dial and Kast Media
us,126,99% Invisible,394775318,2020-10-27,Design,Roman Mars
us,127,WTF with Marc Maron Podcast,329875043,2020-11-02,Comedy,Marc Maron
us,128,Inside Jokes with Kevin Hart,1549388085,2021-01-27,Comedy Interviews,SiriusXM
us,129,Evil By Design,1545659686,2021-01-27,True Crime,CBC Podcasts
us,130,Jensen and Holes: The Murder Squad,1455668750,2020-11-04,True Crime,Exactly Right
us,131,REAL AF with Andy Frisella,1012570406,2021-01-23,Business,Andy Frisella #100to0
us,132,Global News Podcast,135067274,2020-11-04,News,BBC World Service
us,133,The Morning Toast,1368081567,2021-01-14,Comedy,Toast News Network
us,134,The Way I Heard It with Mike Rowe,1087110764,2020-10-27,Society & Culture,Mike Rowe
us,135,The MeatEater Podcast,960902903,2021-02-15,Wilderness,MeatEater
us,136,Criminal,809264944,2020-10-23,True Crime,Criminal & Radiotopia
us,137,Sword and Scale,790487079,2020-10-26,True Crime,Incongruity
us,138,Joel Osteen Podcast,137254859,2020-10-28,Christianity,Joel Osteen
us,139,And That's Why We Drink,1204570053,2020-10-25,Comedy,Kast Media
us,140,Bannon's War Room,1485351658,2020-10-27,Politics,WarRoom.org
us,141,BECOMING:us with Moriah & Joel Smallbone,1553385816,2021-02-11,Christianity,AccessMore
us,142,Dan Carlin's Hardcore History,173001861,2020-06-03,History,Dan Carlin
us,143,Code Switch,1112190608,2020-10-28,News,NPR
us,144,Giggly Squad,1536352412,2021-02-23,After Shows,Hannah Berner & Paige DeSorbo
us,145,The Vanished Podcast,1081124929,2020-10-26,True Crime,Wondery
us,146,Empty Inside,1524250628,2021-02-24,Self-Improvement,Jennette McCurdy
us,147,Nice White Parents,1524080195,2020-08-20,Society & Culture,Serial & The New York Times
us,148,The Rubin Report,1052842770,2021-02-08,News Commentary,Blaze Podcast Network
us,149,Bachelor Happy Hour,1473649053,2021-01-19,TV & Film,Bachelor Nation | Wondery
us,150,Nothing much happens; bedtime stories to help you sleep,1378040733,2021-02-22,Alternative Health,Curiouscast
us,151,The Tim Dillon Show,1135137367,2020-11-01,Comedy Interviews,Tim Dillon
us,152,The Journal.,1469394914,2021-01-07,Daily News,The Wall Street Journal & Gimlet
us,153,Pivot,1073226719,2021-02-16,News Commentary,New York Magazine
us,154,The Investing for Beginners Podcast - Your Path to Financial Freedom,1210741497,2021-01-07,Investing,Andrew Sather and Dave Ahern
us,155,Coffee Convos Podcast with Kail Lowry & Lindsie Chrisley,1305546061,2021-02-25,Society & Culture,Kail Lowry & Lindsie Chrisley
us,156,The Indicator from Planet Money,1320118593,2021-01-19,Business,NPR
us,157,Serendipity With Inky Johnson,1553377190,2021-03-01,Self-Improvement,The Resonance Network
us,158,This Is Important,1529931681,2020-12-29,Comedy,iHeartRadio
us,159,Verdict with Ted Cruz,1495601614,2020-10-28,Politics,Ted Cruz
us,160,Unashamed with Phil & Jase Robertson,1460147025,2020-10-26,Religion & Spirituality,Unashamed with Phil & Jase Robertson
us,161,The Chris Rose Rotation,1555532184,2021-03-01,Baseball,Jomboy Media
us,162,"Follow Him: A Come, Follow Me Podcast with Hank Smith & John Bytheway",1545433056,2020-12-27,Christianity,David Perry
us,163,"My Brother, My Brother And Me",367330921,2020-10-27,Comedy,The McElroys
us,164,This Is Actually Happening,497227384,2020-10-27,True Crime,Wondery
us,165,This is Tulsi Gabbard,1549623127,2021-01-19,Society & Culture,Tulsi Media
us,166,TED Radio Hour,523121474,2020-10-23,Technology,NPR
us,167,The School of Greatness,596047499,2021-02-17,Alternative Health,Lewis Howes
us,168,FiveThirtyEight Politics,1077418457,2020-10-27,Politics,"FiveThirtyEight, 538, ABC News, Nate Silver"
us,169,The Food That Built America,1551644089,2021-02-04,History,The HISTORY Channel & OZY
us,170,Life Kit,1461493560,2020-12-24,Health & Fitness,NPR
us,171,Spittin Chiclets,1112425552,2021-02-16,Hockey,Barstool Sports
us,172,SweeTalks,1553695333,2021-02-19,Comedy,sweetea
us,173,The Read,619369512,2021-02-16,Comedy,Loud Speakers Network
us,174,Through The Cracks,1545174922,2021-02-25,True Crime,WAMU
us,175,Bad Friends,1496265971,2021-02-15,Comedy,Andrew Santino and Bobby Lee
us,176,The Happiness Lab with Dr. Laurie Santos,1474245040,2020-10-12,Society & Culture,Pushkin Industries
us,177,Tenfold More Wicked,1538204210,2021-01-25,True Crime,Exactly Right
us,178,WHOA That's Good Podcast,1433974017,2020-10-28,Christianity,Sadie Robertson
us,179,48 Hours,965818306,2020-12-27,True Crime,CBS News Radio
us,180,Business Wars,1335814741,2021-01-18,Management,Wondery
us,181,Deep Cover: The Real Donnie Brasco,1515609437,2020-12-21,True Crime,Jam Street Media
us,182,The Herd with Colin Cowherd,1042368254,2021-02-17,Football,iHeartRadio
us,183,Motley Fool Money,306106212,2021-01-22,Investing,The Motley Fool
us,184,Odessa,1554535631,2021-02-26,Documentary,The New York Times
us,185,Elevation with Steven Furtick,216015753,2021-02-22,Christianity,Elevation Church
us,186,Impaulsive with Logan Paul,1442164847,2021-02-09,Comedy,Logan Paul
us,187,Conspiracy Theories,1337195586,2020-10-28,History,Parcast Network
us,188,A Word … with Jason Johnson,1549266269,2021-02-26,News Commentary,Slate Podcasts
us,189,DISGRACELAND,1275172907,2021-03-02,Music,Jake Brennan
us,190,That Happens,1555616752,2021-02-19,Comedy,"Harmontown LLC, Starburns Audio LLC"
us,191,The Bill Bert Podcast,1484912138,2021-02-24,Comedy,All Things Comedy
us,192,Relatable with Allie Beth Stuckey,1359249098,2021-02-25,News Commentary,Blaze Podcast Network
us,193,The Joe Budden Podcast with Rory & Mal,1535809341,2020-10-28,Music,The Joe Budden Network
us,194,Do No Harm,1537865727,2021-02-16,True Crime,Wondery | NBC News
us,195,BibleProject,1050832450,2020-12-21,Christianity,BibleProject
us,196,Marketplace,201853034,2021-03-03,Business News,Marketplace
us,197,20/20,987967575,2020-11-22,News,ABC News
us,198,The Experiment,1549704404,2021-01-25,Documentary,The Atlantic and WNYC Studios
us,199,Up and Vanished,1140596919,2020-10-15,True Crime,Tenderfoot TV
us,200,HISTORY This Week,1493453604,2021-03-01,History,The HISTORY Channel
ca,1,Dateline NBC,1464919521,2020-10-28,True Crime,NBC News
ca,2,Mommy Doomsday,1540849480,2021-02-09,True Crime,NBC News
ca,3,SmartLess,1521578868,2020-10-26,Comedy Interviews,"Will Arnett, Jason Bateman, Sean Hayes"
ca,4,The Daily,1200361736,2020-10-28,Daily News,The New York Times
ca,5,Crime Junkie,1322200189,2020-10-26,True Crime,audiochuck
ca,6,Armchair Expert with Dax Shepard,1345682353,2020-10-26,Comedy,Armchair Umbrella
ca,7,Canadian True Crime,1197095887,2021-03-01,True Crime,Kristi Lee
ca,8,Evil By Design,1545659686,2021-01-27,True Crime,CBC Podcasts
ca,9,Spittin Chiclets,1112425552,2020-10-22,Hockey,Barstool Sports
ca,10,Against The Odds,1553335461,2021-02-23,Society & Culture,Wondery
ca,11,Stuff You Should Know,278981407,2020-10-28,Society & Culture,iHeartRadio
ca,12,Call Her Daddy,1418960261,2020-10-28,Comedy,Barstool Sports
ca,13,The Joe Rogan Experience,360084272,2020-10-27,Comedy,Joe Rogan
ca,14,You're Wrong About,1380008439,2020-10-22,History,Michael Hobbes & Sarah Marshall
ca,15,Morbid: A True Crime Podcast,1379959217,2020-10-27,Comedy,Morbid: A True Crime Podcast
ca,16,Cautionary Tales,1484511465,2021-02-12,History,Pushkin Industries
ca,17,On Purpose with Jay Shetty,1450994021,2020-10-26,Health & Fitness,Jay Shetty and Kast Media
ca,18,My Favorite Murder with Karen Kilgariff and Georgia Hardstark,1074507850,2020-10-26,True Crime,Exactly Right
ca,19,Unlocking Us with Brené Brown,1494350511,2020-10-28,Relationships,Parcast Network
ca,20,UnF*ck Your Brain,1229434818,2020-10-23,Mental Health,Kara Loewentheil
ca,21,Unsolved Mysteries,1549903604,2021-02-17,True Crime,"Cosgrove Meurer Productions, Inc. + Cadence13"
ca,22,Unraveled: Long Island Serial Killer,1543476170,2021-01-27,True Crime,Investigation Discovery
ca,23,Nowhere to be Found,1532686678,2021-01-18,True Crime,Amanda Popineau
ca,24,OverDrive,679367618,2020-10-27,Sports,TSN 1050 Radio
ca,25,13 Hours Inside the Nova Scotia massacre,1535831360,2020-11-09,True Crime,Curiouscast
ca,26,The Bible in a Year (with Fr. Mike Schmitz),1539568321,2020-12-21,Christianity,Ascension Catholic Faith Formation
ca,27,"Let's Talk About Myths, Baby! A Greek & Roman Mythology Podcast",1264449047,2021-03-02,Arts,Liv Albert
ca,28,Stolen: The Search for Jermain,1554011083,2021-03-01,True Crime,Gimlet
ca,29,Island Crime: Gone Boys,1513479877,2021-01-29,True Crime,Laura Palmer / Frequency Podcast Network
ca,30,Office Ladies,1480311435,2020-10-21,Comedy,Earwolf & Jenna Fischer and Angela Kinsey
ca,31,Front Burner,1439621628,2020-10-28,News,CBC Podcasts
ca,32,Oprah’s SuperSoul Conversations,1264843400,2020-10-28,Society & Culture,Oprah
ca,33,Femmes à marier,1555182656,2021-02-23,Relationships,Marilou Ethier & Laura-Gabriel
ca,34,The Apology Line,1545233696,2021-01-05,True Crime,Wondery
ca,35,The Tim Ferriss Show,863897795,2020-10-28,Entrepreneurship,"Tim Ferriss: Bestselling Author, Human Guinea Pig"
ca,36,Conan O’Brien Needs A Friend,1438054347,2020-10-28,Comedy,Team Coco & Earwolf
ca,37,The Mindset Mentor,1033048640,2020-10-28,Mental Health,Rob Dial and Kast Media
ca,38,Huberman Lab,1545953110,2020-12-21,Health & Fitness,Dr. Andrew Huberman
ca,39,The Jordan B. Peterson Podcast,1184022695,2020-11-29,Education,Dr. Jordan B. Peterson
ca,40,The Happiness Lab with Dr. Laurie Santos,1474245040,2020-10-12,Society & Culture,Pushkin Industries
ca,41,This American Life,201671138,2020-10-25,Personal Journals,This American Life
ca,42,The Ben Shapiro Show,1047335260,2020-10-28,News,The Daily Wire
ca,43,This is Paris,1552058389,2021-02-22,Society & Culture,iHeartRadio & Paris Hilton
ca,44,The Dr. John Berardi Show,1553695927,2021-01-30,Health & Fitness,John Berardi
ca,45,H3 Podcast,1186098620,2021-01-12,Comedy,Ethan Klein
ca,46,31 Thoughts: The Podcast,1332150124,2020-11-13,Hockey,Sportsnet
ca,47,Monday Morning Podcast,480486345,2020-10-26,Comedy,All Things Comedy | Wondery
ca,48,TED Talks Daily,160904630,2020-10-27,Education,TED
ca,49,Crime Beat,1451648664,2021-02-23,True Crime,Curiouscast
ca,50,Get Sleepy: Sleep meditation and stories,1487513861,2020-11-30,Alternative Health,Get Sleepy
ca,51,VIEWS with David Dobrik and Jason Nash,1236778275,2020-10-27,Comedy,Cadence13
ca,52,The Current,151487761,2020-10-28,News,CBC Radio
ca,53,Someone Knows Something,1089216339,2021-01-28,True Crime,CBC Podcasts
ca,54,Global News Podcast,135067274,2021-03-02,News,BBC World Service
ca,55,99% Invisible,394775318,2020-10-27,Design,Roman Mars
ca,56,Inside the Breakthrough - How Science Comes to Life,1547617029,2021-02-22,Science,SciMar with Dan Riskin
ca,57,Under the Influence from CBC Radio,493536367,2020-06-25,Business,CBC Radio
ca,58,Ideas,151485663,2020-10-28,Society & Culture,CBC Radio
ca,59,The Bill Simmons Podcast,1043699613,2020-10-28,Sports,The Ringer & Bill Simmons
ca,60,Hidden Brain,1028908750,2020-10-26,Social Sciences,Hidden Brain
ca,61,Giggly Squad,1536352412,2021-02-23,After Shows,Hannah Berner & Paige DeSorbo
ca,62,The Brand is Female,1450048766,2021-03-02,Careers,The Brand is Female
ca,63,Casefile True Crime,998568017,2020-10-27,True Crime,Casefile Presents
ca,64,Revisionist History,1119389968,2020-09-10,Society & Culture,Pushkin Industries
ca,65,The Daily Show With Trevor Noah: Ears Edition,1334878780,2020-10-28,Comedy,iHeartRadio & Comedy Central
ca,66,More with Anna Maria Tremonti,1494930679,2021-02-11,Society & Culture,CBC Podcasts
ca,67,2 Bears 1 Cave with Tom Segura & Bert Kreischer,1468013270,2021-03-01,Comedy,YMH Studios
ca,68,Serial Killers,1205030005,2020-10-26,True Crime,Parcast Network
ca,69,The Office Deep Dive with Brian Baumgartner,1550331348,2021-02-01,Society & Culture,iHeartRadio
ca,70,Ten Percent Happier with Dan Harris,1087147821,2020-10-28,Mental Health,ABC News
ca,71,WorkLife with Adam Grant,1346314086,2021-01-31,Management,TED
ca,72,Anything Goes with Emma Chamberlain,1458568923,2021-02-25,Personal Journals,Emma Chamberlain and Ramble
ca,73,The School of Greatness,596047499,2020-10-28,Alternative Health,Lewis Howes
ca,74,WTF with Marc Maron Podcast,329875043,2020-10-26,Comedy,Marc Maron
ca,75,One Great History,1536441733,2021-02-09,History,onegreathistory
ca,76,Sex With Emily,82456189,2020-11-03,Sexuality,"Emily Morse, Doctor of Human Sexuality - SexWithEmily.com"
ca,77,Nurture vs Nurture with Dr. Wendy Mogel,1549814799,2021-02-16,Kids & Family,Armchair Umbrella
ca,78,Planet Money,290783428,2020-10-23,Business,NPR
ca,79,Pardon My Take,1089022756,2020-10-28,Football,Barstool Sports
ca,80,Sal and Chris Present: Hey Babe!,1542475843,2021-02-04,Comedy Interviews,No Presh Network
ca,81,The Rachel Maddow Show,294055449,2020-10-28,Daily News,"Rachel Maddow, MSNBC"
ca,82,Tim and Friends,1556169964,2021-03-02,Sports,Sportsnet
ca,83,The Hopeful,1533477511,2020-11-09,Documentary,Shayda Omidvar/ Frequency Podcast Network
ca,84,Mike Ward Sous Écoute,1053196322,2020-10-26,Comedy,Mike Ward
ca,85,Uncover,1364665348,2021-01-28,True Crime,CBC Podcasts
ca,86,La soirée est (encore) jeune,543971744,2020-12-31,Society & Culture,Radio-Canada
ca,87,Ologies with Alie Ward,1278815517,2020-10-28,Science,Alie Ward
ca,88,The Canadian Investor,1534655273,2021-02-01,Investing,Braden Dennis & Simon Belanger
ca,89,Macrodosing: Arian Foster and PFT Commenter,1551696865,2021-02-19,Philosophy,Barstool Sports
ca,90,American Scandal,1435516849,2021-02-16,History,Wondery
ca,91,Lex Fridman Podcast,1434243584,2020-10-25,Technology,Lex Fridman
ca,92,The Investing for Beginners Podcast - Your Path to Financial Freedom,1210741497,2020-12-23,Investing,Andrew Sather and Dave Ahern
ca,93,Even the Rich,1500477470,2021-03-02,Society & Culture,Wondery
ca,94,Maintenance Phase,1535408667,2021-03-02,Health & Fitness,Aubrey Gordon & Michael Hobbes
ca,95,Serial,917918570,2020-08-20,News,This American Life
ca,96,CTV National News with Lisa LaFlamme,1506947339,2020-10-28,Daily News,CTV News
ca,97,Freakonomics Radio,354668519,2020-10-22,Documentary,Freakonomics Radio + Stitcher
ca,98,CANADALAND,721048994,2020-10-26,News Commentary,CANADALAND
ca,99,Nothing much happens; bedtime stories to help you sleep,1378040733,2021-02-22,Alternative Health,Curiouscast
ca,100,IMPAULSIVE,1442164847,2021-01-26,Comedy,Logan Paul
ca,101,"The Doctor's Farmacy with Mark Hyman, M.D.",1382804627,2020-12-16,Medicine,Dr. Mark Hyman
ca,102,Your Mom's House with Christina P. and Tom Segura,503482646,2020-10-28,Comedy,YMH Studios
ca,103,Revolutions,703889772,2020-12-25,History,Mike Duncan
ca,104,True Crime Garage,1062418176,2021-02-17,True Crime,TRUE CRIME GARAGE
ca,105,Making Sense with Sam Harris,733163012,2020-10-28,Science,Sam Harris
ca,106,The Opportunist,1551162705,2021-02-16,True Crime,Kast Media
ca,107,The Michelle Obama Podcast,1532956108,2020-09-30,Relationships,Higher Ground & Spotify
ca,108,Radiolab,152249110,2020-10-23,Documentary,WNYC Studios
ca,109,The Showgram with Jim Richards,1502619425,2021-03-02,Politics,iHeartRadio
ca,110,The Ezra Klein Show,1548604447,2021-01-13,Society & Culture,New York Times Opinion
ca,111,The Secret Life of Canada,1434339568,2021-03-02,History,CBC Podcasts
ca,112,Power: The Maxwells,1547265474,2021-01-11,True Crime,Somethin' Else
ca,113,The Dave Ramsey Show,77001367,2020-10-27,Investing,Ramsey Network
ca,114,Duolingo French Podcast,1466824259,2021-02-09,Education,Duolingo
ca,115,Mayim Bialik's Breakdown,1546456269,2020-12-25,Health & Fitness,Mayim Bialik
ca,116,Sleep With Me,740675898,2020-10-25,Mental Health,Dearest Scooter and Night Vale Presents
ca,117,Jay Du Temple discute,1467689409,2020-10-26,Arts,Studio SF
ca,118,Dan Carlin's Hardcore History,173001861,2020-06-03,History,Dan Carlin
ca,119,The Minds of Madness - True Crime Stories,1191274361,2021-02-01,True Crime,The Minds of Madness | Wondery
ca,120,Dose de psy: le podcast,1555937394,2021-03-02,Social Sciences,"Dre Janick Coutu, psychologue"
ca,121,Sway,1528594034,2020-10-26,Society & Culture,New York Times Opinion
ca,122,Sexe Oral,1547085665,2021-01-01,Sexuality,Studio SF
ca,123,The Papaya Podcast,1469615517,2021-03-01,Mental Health,"Dear Media, Sarah Nicole Landry"
ca,124,Economist Radio,151230264,2020-10-28,News,The Economist
ca,125,The Bob McCown Podcast,1518820915,2021-01-22,Hockey,Fadoo Productions
ca,126,Up First,1222114325,2020-10-28,Daily News,NPR
ca,127,CBC News: The World at Six,250083757,2020-10-28,News,CBC News: World at Six
ca,128,PTI,147232181,2020-10-28,Sports,"ESPN, Tony Kornheiser, Michael Wilbon"
ca,129,StarTalk Radio,325404506,2020-10-26,Science,Neil deGrasse Tyson
ca,130,Catfish: The Podcast,1542083085,2020-11-25,Relationships,MTV | Wondery
ca,131,Jocko Podcast,1070322219,2021-02-10,Management,Jocko DEFCOR Network
ca,132,Zane and Heath: Unfiltered,1478746415,2020-11-16,Comedy Interviews,The Roost x Zane and Heath
ca,133,Higher Learning with Van Lathan and Rachel Lindsay,1515152489,2021-02-12,Society & Culture,The Ringer
ca,134,Stuff You Missed in History Class,283605519,2020-10-28,History,iHeartRadio
ca,135,Dark Poutine - True Crime and Dark History,1304781389,2020-10-26,True Crime,Dark Poutine / Curiouscast
ca,136,Aujourd'hui l'histoire,1040170456,2020-10-28,Society & Culture,Radio-Canada
ca,137,The Rich Roll Podcast,582272991,2020-10-26,Self-Improvement,Rich Roll
ca,138,Sibling Revelry with Kate Hudson and Oliver Hudson,1485798128,2021-02-24,Relationships,Sibling Revelry
ca,139,The Moth,275699983,2020-10-27,Performing Arts,The Moth
ca,140,Girls Gotta Eat,1348777092,2020-11-02,Comedy,Ashley Hesseltine and Rayna Greenberg
ca,141,The Bianca Del Rio Podcast,1545472057,2021-03-04,Comedy,Starburns Audio
ca,142,Pod Save America,1192761536,2020-10-26,Politics,Crooked Media
ca,143,Mélanie consulte!,1546634517,2021-03-02,Self-Improvement,Mélanie Ghanimé
ca,144,Criminal,809264944,2020-10-23,True Crime,Criminal & Radiotopia
ca,145,This Past Weekend,1190981360,2021-02-28,Stand-Up Comedy,Theo Von
ca,146,Whatever Happened To...?,1537834558,2020-11-19,History,Curiouscast
ca,147,The Megyn Kelly Show,1532976305,2021-02-26,News Commentary,Devil May Care Media
ca,148,Louder with Crowder,929121341,2021-02-03,Politics,Blaze Podcast Network
ca,149,Red Collar,1541330058,2021-02-23,True Crime,audiochuck
ca,150,Supernatural with Ashley Flowers,1500667648,2021-03-03,Society & Culture,Parcast Network
ca,151,The Bald and the Beautiful with Trixie Mattel and Katya Zamo,1532816291,2020-12-01,Comedy Interviews,Studio71
ca,152,Bachelor Happy Hour,1473649053,2021-01-05,TV & Film,Bachelor Nation | Wondery
ca,153,Pretty Basic with Alisha Marie and Remi Cruz,1439655378,2021-03-03,Personal Journals,Ramble
ca,154,Where Should We Begin? with Esther Perel,1237931798,2020-09-10,Society & Culture,Esther Perel Global Media & Gimlet
ca,155,How I Built This with Guy Raz,1150510297,2020-10-26,Business,NPR
ca,156,In Plain Sight: Lady Bird Johnson,1554132477,2021-03-01,History,ABC News
ca,157,Business Wars,1335814741,2020-11-02,Management,Wondery
ca,158,The Rubin Report,1052842770,2021-03-02,News Commentary,Blaze Podcast Network
ca,159,LeVar Burton Reads,1244649384,2021-02-23,Performing Arts,LeVar Burton and Stitcher
ca,160,The Apocrypha Chronicles,1549171425,2021-02-23,Science Fiction,re:Naissance Opera
ca,161,Why Are Dads?,1527948382,2021-02-24,Mental Health,Sarah Marshall + Alex Steed
ca,162,Motley Fool Money,306106212,2021-01-26,Investing,The Motley Fool
ca,163,Unsolved Murders: True Crime Stories,1122804248,2021-02-02,True Crime,Parcast Network
ca,164,This Is Actually Happening,497227384,2020-10-27,True Crime,Wondery
ca,165,Cults,1286818575,2021-03-02,True Crime,Parcast Network
ca,166,The History of Rome,261654474,2017-07-27,History,Mike Duncan
ca,167,The Debaters,1404480773,2020-10-22,Comedy,CBC Radio
ca,168,CBC News: World Report,278657031,2020-10-29,News,CBC News: World Report
ca,169,Sans Filtre Podcast,1432735930,2021-01-19,Society & Culture,Studio SF
ca,170,Duolingo Spanish Podcast,1317493077,2020-10-22,Education,Duolingo
ca,171,Phoebe Reads a Mystery,1503921457,2021-03-03,Drama,Criminal & Radiotopia
ca,172,The Thing About Pam,1479234915,2019-09-27,True Crime,NBC News
ca,173,Fresh Air,214089682,2021-01-19,Books,NPR
ca,174,The MeatEater Podcast,960902903,2021-02-15,Wilderness,MeatEater
ca,175,Alone Together,1547298340,2021-02-08,Society & Culture,Apostrophe Podcast Network
ca,176,History Extra podcast,256580326,2021-01-01,History,Immediate Media
ca,177,Off The Vine with Kaitlyn Bristowe,1240420549,2020-12-17,Society & Culture,PodcastOne
ca,178,I AM Athlete Podcast,1537836233,2021-02-19,Sports,"Brandon Marshall, Chad Johnson, Fred Taylor, Channing Crowder"
ca,179,"Terrible, Thanks For Asking",1126119288,2021-02-23,Personal Journals,American Public Media
ca,180,We Study Billionaires - The Investor’s Podcast Network,928933489,2020-11-08,Investing,The Investor's Podcast Network
ca,181,"My Brother, My Brother And Me",367330921,2021-01-18,Comedy,The McElroys
ca,182,Guided Sleep Meditations,834515877,2020-10-09,Alternative Health,Tracks To Relax
ca,183,TigerBelly,1041201977,2021-03-03,Comedy Interviews,All Things Comedy
ca,184,Sweetbitter | A Sappho Podcast,1531811213,2021-02-11,History,"Ellie Brigida, Alyse Knorr & Leesa Charlotte"
ca,185,The Big Story,1399721065,2021-01-19,Daily News,Frequency Podcast Network
ca,186,"BloodBath w/ Annie, & Esther, & Khalyla",1552278175,2021-03-02,Comedy Interviews,"Khalyla Kuhn, Annie Lederman, Esther Povitsky, 7EQUIS"
ca,187,Happier with Gretchen Rubin,969519520,2021-03-03,Health & Fitness,Gretchen Rubin / The Onward Project
ca,188,Pivot,1073226719,2021-02-16,News Commentary,New York Magazine
ca,189,The Bridge with Peter Mansbridge,1478036186,2021-01-07,Politics,Manscorp Media Services
ca,190,Coaching Real Leaders,1545444200,2021-03-01,Management,HBR Presents / Muriel Wilkins
ca,191,Behind the Bastards,1373812661,2020-10-27,Society & Culture,iHeartRadio
ca,192,My Dad Wrote A Porno,1044196249,2019-12-16,Comedy,My Dad Wrote A Porno
ca,193,Lore,978052928,2020-10-26,History,Aaron Mahnke and Grim & Mild
ca,194,Wild 'Til 9,1524083348,2021-03-03,Relationships,Lauren Riihimaki & Jeremy Lewis & Studio71
ca,195,Overheard at National Geographic,1466697207,2021-02-23,Natural Sciences,National Geographic
ca,196,The Jeff Dunham Podcast,1555769971,2021-02-25,Comedy,Jeff Dunham
ca,197,"Today, Explained",1346207297,2021-01-05,Daily News,Vox
ca,198,C*m Town,1113585468,2021-02-17,Comedy,Nick Mullen
ca,199,Ongoing History of New Music,1201968027,2021-02-10,Music History,Curiouscast
ca,200,The Fighter & The Kid,706421907,2021-02-13,Sports,The Fighter & The Kid | Kast Media
au,1,The Sure Thing,1552140022,2021-02-04,True Crime,The Australian Financial Review
au,2,Conversations,94688506,2020-10-28,Relationships,ABC Radio
au,3,empowered with Revie,1555388617,2021-02-25,Society & Culture,The Spin Studio
au,4,Casefile True Crime,998568017,2020-10-27,True Crime,Casefile Presents
au,5,Against The Odds,1553335461,2021-02-23,Society & Culture,Wondery
au,6,Unraveled: Long Island Serial Killer,1543476170,2021-01-27,True Crime,discovery+
au,7,The Apology Line,1545233696,2021-01-05,True Crime,Wondery
au,8,Mamamia Out Loud,928350893,2020-10-28,Society & Culture,Mamamia Podcasts
au,9,You're Wrong About,1380008439,2020-10-22,History,Michael Hobbes & Sarah Marshall
au,10,Australian True Crime,1217681421,2020-10-25,True Crime,Meshel Laurie
au,11,It's A Lot with Abbie Chatfield,1500849438,2020-12-14,Self-Improvement,Abbie Chatfield
au,12,Something To Talk About with Samantha Armytage,1553858670,2021-02-16,Society & Culture,Stellar
au,13,Mommy Doomsday,1540849480,2021-02-09,True Crime,NBC News
au,14,She's On The Money,1468033698,2020-10-27,Business,Victoria Devine
au,15,Crime Junkie,1322200189,2020-10-26,True Crime,audiochuck
au,16,Coronacast,1501500390,2020-10-28,Daily News,ABC News
au,17,How It Happened,1549225698,2021-01-15,Politics,Axios
au,18,Shameless,1352875216,2020-10-28,Society & Culture,Shameless Media
au,19,Stuff You Should Know,278981407,2020-10-28,Society & Culture,iHeartRadio
au,20,Grounded with Louis Theroux,1508985962,2020-06-29,Personal Journals,BBC Radio 4
au,21,The Quicky,1451469361,2020-10-27,News,Mamamia Podcasts
au,22,Morbid: A True Crime Podcast,1379959217,2020-10-27,Comedy,Morbid: A True Crime Podcast
au,23,Hamish & Andy,213334232,2020-10-28,Comedy,PodcastOne Australia
au,24,The Breakdown,1554973779,2021-02-23,Rugby,The Australian
au,25,The Daily,1200361736,2020-10-28,Daily News,The New York Times
au,26,The Imperfects,1476501557,2020-10-22,Mental Health,"Hugh van Cuylenburg, Ryan Shelton & Josh van Cuylenburg"
au,27,The Pop Test – A comedy science quiz,1550543719,2021-02-06,Comedy,ABC Radio
au,28,No Filter,995159486,2020-10-25,Personal Journals,Mamamia Podcasts
au,29,Happy Hour with Lucy & Nikki,1481026589,2020-11-03,Society & Culture,The Spin Studio
au,30,Mapping Evil with Mike King,1555243483,2021-02-28,True Crime,BGT Productions
au,31,The Howie Games,1146329262,2020-10-28,Sports,PodcastOne Australia
au,32,Unravel True Crime: Snowball,1386640017,2021-02-23,True Crime,ABC Radio
au,33,"Brenda, Call Me! with Courtney Act & Vanity",1549816670,2021-01-20,Society & Culture,Nova Podcasts
au,34,The Joe Rogan Experience,360084272,2020-10-27,Comedy,Joe Rogan
au,35,I Catch Killers with Gary Jubelin,1506667049,2020-10-27,True Crime,True Crime Australia
au,36,That's Enough Already with Urzila Carlson,1553718256,2021-02-14,Comedy Interviews,Urzila Carlson
au,37,Skincare School,1552975779,2021-02-09,Fashion & Beauty,Adore Beauty
au,38,The Kyle & Jackie O Show,413046628,2020-12-31,Comedy,iHeartRadio Australia & KIIS
au,39,Chat 10 Looks 3,936653355,2020-10-11,Society & Culture,Chat 10 Looks 3
au,40,7am,1461999702,2020-10-27,Daily News,Schwartz Media
au,41,Armchair Expert with Dax Shepard,1345682353,2020-10-26,Comedy,Armchair Umbrella
au,42,My Favorite Murder with Karen Kilgariff and Georgia Hardstark,1074507850,2020-10-26,True Crime,Exactly Right
au,43,Do You F*****g Mind?,1502954097,2020-10-24,Health & Fitness,Alexis Fernandez
au,44,Life Uncut,1472126503,2021-02-01,Society & Culture,Brittany Hockley and Laura Byrne
au,45,Collapse,1550688418,2021-02-16,History,Stuff
au,46,SmartLess,1521578868,2020-10-26,Comedy Interviews,"Will Arnett, Jason Bateman, Sean Hayes"
au,47,On Purpose with Jay Shetty,1450994021,2020-10-26,Health & Fitness,Jay Shetty and Kast Media
au,48,The Tim Ferriss Show,863897795,2020-10-28,Entrepreneurship,"Tim Ferriss: Bestselling Author, Human Guinea Pig"
au,49,Unlocking Us with Brené Brown,1494350511,2020-10-28,Relationships,Parcast Network
au,50,Cautionary Tales,1484511465,2021-02-12,History,Pushkin Industries
au,51,Australian Birth Stories,1242155321,2020-10-25,Kids & Family,Sophie Walker
au,52,Naked City,1501054880,2021-02-09,True Crime,The Age and Sydney Morning Herald
au,53,The Mindset Mentor,1033048640,2020-10-28,Mental Health,Rob Dial and Kast Media
au,54,This American Life,201671138,2020-10-25,Personal Journals,This American Life
au,55,The Briefing,1507116817,2020-10-27,Daily News,PodcastOne Australia
au,56,Accidental Celebrity,1549480926,2021-01-31,News Commentary,Fiona Reynolds
au,57,Huberman Lab,1545953110,2021-01-04,Health & Fitness,Dr. Andrew Huberman
au,58,Global News Podcast,135067274,2021-03-04,News,BBC World Service
au,59,No Such Thing As A Fish,840986946,2020-10-23,Comedy,No Such Thing As A Fish
au,60,Equity Mates Investing Podcast,1212097275,2020-10-25,Investing,Equity Mates Media
au,61,The Signal,1349523628,2021-01-25,Daily News,ABC Radio
au,62,Squiz Today,1385995581,2020-10-27,Daily News,Squiz Media
au,63,Just the Gist,1474052266,2021-02-26,Comedy,LiSTNR
au,64,My Dad Wrote A Porno,1044196249,2019-12-16,Comedy,My Dad Wrote A Porno
au,65,Serial,917918570,2020-08-20,News,This American Life
au,66,Dyl & Friends,1417124389,2021-02-02,Sports,Dylan Buckley
au,67,Full Story,1482061243,2020-10-27,News,The Guardian
au,68,The Daily Aus,1552309889,2021-02-15,Daily News,The Daily Aus
au,69,AFL Exchange,637433286,2021-03-01,Sports,AFL
au,70,The Bill Simmons Podcast,1043699613,2020-10-28,Sports,The Ringer & Bill Simmons
au,71,Please Explain,1436450976,2021-02-02,Daily News,The Age and Sydney Morning Herald
au,72,TED Talks Daily,160904630,2020-10-27,Education,TED
au,73,Life and Crimes with Andrew Rule,1260800644,2020-10-24,True Crime,Herald Sun
au,74,Bloke In A Bar,1010619816,2021-03-03,Rugby,Denan Kemp
au,75,The Nurse,1533629268,2020-10-26,True Crime,Camille Bianchi
au,76,"Ladies, We Need To Talk",1277424411,2020-10-19,Sexuality,ABC Radio
au,77,The Deep,1515060551,2020-10-26,Personal Journals,Zoe Marshall
au,78,Hamish & Andy’s Remembering Project,1534252348,2020-12-14,Comedy,LiSTNR
au,79,The Night Driver,1526394777,2020-10-18,True Crime,The Australian
au,80,Why Are Dads?,1527948382,2021-02-24,Mental Health,Sarah Marshall + Alex Steed
au,81,Lady Startup Stories,1361401612,2021-03-01,Careers,Mamamia Podcasts
au,82,Something Was Wrong,1447286743,2021-03-01,True Crime,Tiffany Reese
au,83,Even the Rich,1500477470,2021-03-02,Society & Culture,Wondery
au,84,Maintenance Phase,1535408667,2021-02-16,Health & Fitness,Aubrey Gordon & Michael Hobbes
au,85,The Jordan B. Peterson Podcast,1184022695,2020-11-29,Education,Dr. Jordan B. Peterson
au,86,The Rise & Conquer Podcast,1451864362,2020-12-31,Health & Fitness,Georgie Stevenson
au,87,This is Paris,1552058389,2021-03-01,Society & Culture,iHeartRadio & Paris Hilton
au,88,Call Her Daddy,1418960261,2020-10-28,Comedy,Barstool Sports
au,89,We Don't Have Time For This,1544178687,2021-01-25,Society & Culture,Gemma Peanut & Kate Reeves
au,90,Serial Killers,1205030005,2020-10-26,True Crime,Parcast Network
au,91,American Scandal,1435516849,2021-02-16,History,Wondery
au,92,Oprah’s SuperSoul Conversations,1264843400,2020-10-28,Society & Culture,Oprah
au,93,Beauty IQ Uncensored,1478211900,2020-10-27,Fashion & Beauty,Adore Beauty
au,94,All In The Mind,73330911,2020-11-01,Life Sciences,ABC Radio
au,95,This Is Actually Happening,497227384,2020-10-27,True Crime,Wondery
au,96,Linda Marigliano's Tough Love,1546324192,2021-02-01,Relationships,Linda Marigliano
au,97,Evil By Design,1545659686,2021-01-27,True Crime,CBC Podcasts
au,98,Who the Hell is Hamish?,1451470931,2019-11-16,News,The Australian
au,99,Beyond The Bump,1484930949,2021-01-18,Parenting,Beyond The Bump
au,100,The Grade Cricketer,1164374262,2020-11-24,Cricket,RARE
au,101,The Spill,1473523403,2021-01-20,Society & Culture,Mamamia Podcasts
au,102,Dr Karl Podcast,73331325,2020-10-22,Science,triple j
au,103,The Property Couch,969904333,2020-10-22,Investing,Bryce Holdaway & Ben Kingsley
au,104,True Crime Conversations,1469153910,2020-10-21,True Crime,Mamamia Podcasts
au,105,How I Built This with Guy Raz,1150510297,2020-10-26,Business,NPR
au,106,Jase & PJ,1332566161,2021-01-13,Comedy,iHeartRadio Australia & KIIS
au,107,MAGELLAN - IN THE KNOW,1528291106,2021-02-23,Investing,Magellan Asset Management
au,108,Late Night Live - Full program podcast,73330961,2020-10-29,Society & Culture,ABC Radio
au,109,The Battersea Poltergeist,1548946506,2021-02-18,Drama,BBC Radio 4
au,110,The Opportunist,1551162705,2021-02-16,True Crime,Kast Media
au,111,You Cannot Be Serious,1474582435,2021-03-03,Sports,Sam Newman Mike Sheahan Don Scott
au,112,NSW Police State Crime Command – Investigations,1524599320,2021-02-06,True Crime,PodcastOne Australia
au,113,So Dramatic!,1523979167,2021-02-25,TV Reviews,Megan Pustetto
au,114,UnF*ck Your Brain,1229434818,2021-02-05,Mental Health,Kara Loewentheil
au,115,Motley Fool Money,1118867383,2020-12-06,Investing,PodcastOne Australia
au,116,Red Collar,1541330058,2021-02-23,True Crime,audiochuck
au,117,You're Dead To Me,1479973402,2020-11-14,History,BBC Radio 4
au,118,Dateline NBC,1464919521,2020-10-29,True Crime,NBC News
au,119,Lex Fridman Podcast,1434243584,2020-10-30,Technology,Lex Fridman
au,120,Hidden Brain,1028908750,2020-11-16,Social Sciences,Hidden Brain
au,121,"The Scope - NRL, NFL, NBA Podcast",1482073145,2021-03-01,Rugby,Justin Horo
au,122,The Marty Sheargold Show  - Triple M Melbourne 105.1,329902285,2021-01-15,Comedy,Triple M
au,123,"Feel Better, Live More with Dr Rangan Chatterjee",1333552422,2020-10-28,Alternative Health,Dr Rangan Chatterjee: GP & Author
au,124,Sport Today,1554210927,2021-02-15,Sports,Squiz Media
au,125,Business Wars,1335814741,2020-10-28,Management,Wondery
au,126,Get Started Investing,1484760064,2020-12-13,Investing,Equity Mates Media
au,127,Girls Gotta Eat,1348777092,2021-02-15,Comedy,Ashley Hesseltine and Rayna Greenberg
au,128,In Plain Sight: Lady Bird Johnson,1554132477,2021-03-01,History,ABC News
au,129,Making Sense with Sam Harris,733163012,2020-10-28,Science,Sam Harris
au,130,On Guard - Stories From Inside Australia's Toughest Prisons,1544936949,2020-12-15,True Crime,True Crime Australia
au,131,Power: The Maxwells,1547265474,2021-01-11,True Crime,Somethin' Else
au,132,Duchess,1551120994,2021-03-04,History,OneFinePlay
au,133,Willing To Be Wrong,1555417267,2021-02-28,Health & Fitness,Dr Joshua Wolrich
au,134,my millennial money,1384819415,2020-10-28,Investing,SYMO interactive
au,135,SEN Breakfast,1198117246,2021-02-02,Sports,SEN
au,136,The Dollop with Dave Anthony and Gareth Reynolds,643055307,2020-10-27,Improv,All Things Comedy | Wondery
au,137,"Parental As Anything, with Maggie Dent",1464488062,2021-01-20,Parenting,ABC Radio
au,138,2 Bears 1 Cave with Tom Segura & Bert Kreischer,1468013270,2021-03-01,Comedy,YMH Studios
au,139,Hack,78995043,2021-02-12,News,triple j
au,140,Days Like These,1534672561,2020-10-27,Documentary,ABC Radio
au,141,Ordineroli Speaking,1500848514,2021-02-23,Sports,Neroli Meadows
au,142,Criminal,809264944,2020-10-23,True Crime,Criminal & Radiotopia
au,143,Matt and Alex - All Day Breakfast,1508927190,2021-01-19,Comedy Interviews,PodcastOne Australia
au,144,The Rush Hour Melbourne Catch Up - 105.1 Triple M Melbourne - James Brayshaw and Billy Brownless,360804281,2021-02-02,Sports,Triple M
au,145,The Matty Johns Podcast,1117246594,2021-02-04,Sports,Daily Telegraph
au,146,Sideways,1552027709,2021-02-24,Podcasts,BBC Radio 4
au,147,WorkLife with Adam Grant,1346314086,2021-02-23,Management,TED
au,148,The Ben Shapiro Show,1047335260,2021-01-04,News,The Daily Wire
au,149,Every Outfit,1555344764,2021-02-27,Society & Culture,Every Outfit
au,150,Big Ideas,164330831,2020-10-29,Society & Culture,ABC Radio
au,151,Spectacle: An Unscripted History of Reality TV,1551181322,2021-03-03,Documentary,Neon Hum Media
au,152,KIC POD,1457667995,2021-02-02,Health & Fitness,Keep It Cleaner
au,153,Trace,1249219269,2020-10-20,True Crime,ABC Radio
au,154,The Teacher's Pet,1385379989,2020-08-23,News,The Australian
au,155,Dr Justin Coulson's Happy Families,1082244480,2021-02-16,Self-Improvement,Dr Justin Coulson
au,156,Australian Finance Podcast,1454193127,2020-10-26,Investing,The Rask Group
au,157,Comedian v Economist,1539790170,2021-02-02,Investing,Equity Mates Media
au,158,Pod Save America,1192761536,2020-10-26,Politics,Crooked Media
au,159,Revolutions,703889772,2021-02-21,History,Mike Duncan
au,160,The Lighthouse,1484039787,2019-12-06,True Crime,The Australian
au,161,Ghost Gate Road,1539321022,2020-11-25,True Crime,Whooshkaa Studios
au,162,Get Sleepy: Sleep meditation and stories,1487513861,2020-11-30,Alternative Health,Get Sleepy
au,163,WILOSOPHY with Wil Anderson,951354264,2020-10-25,Philosophy,Wil Anderson
au,164,99% Invisible,394775318,2020-10-27,Design,Roman Mars
au,165,Darknet Diaries,1296350485,2021-02-16,Technology,Jack Rhysider
au,166,"Kate, Tim and Joel",344869087,2021-01-19,Comedy,Nova Podcasts
au,167,Dan Carlin's Hardcore History,173001861,2020-06-03,History,Dan Carlin
au,168,Clementine Ford's Big Sister Hotline,1499175131,2021-02-27,Self-Improvement,Big Sister Hotline with Clementine Ford
au,169,Monday Morning Podcast,480486345,2020-10-26,Comedy,All Things Comedy | Wondery
au,170,Economist Radio,151230264,2020-10-28,News,The Economist
au,171,The Sounding Board,1097464155,2021-02-18,Sports,SEN
au,172,Canadian True Crime,1197095887,2021-01-15,True Crime,Kristi Lee
au,173,"Fake Doctors, Real Friends with Zach and Donald",1503559501,2020-12-01,Comedy,iHeartRadio
au,174,Background Briefing,73330306,2021-02-27,News Commentary,ABC Radio
au,175,Sentimental Garbage,1444729607,2021-03-04,Books,Justice for Dumb Women
au,176,The Hook Up,1080505022,2021-03-01,Society & Culture,triple j
au,177,RedHanded,1250599915,2020-10-29,True Crime,True Crime with Suruthi & Hannah
au,178,The School of Greatness,596047499,2020-12-16,Alternative Health,Lewis Howes
au,179,Brett Finch Uncensored,1533612473,2021-02-14,Rugby,Brett Finch
au,180,History Extra podcast,256580326,2020-10-29,History,Immediate Media
au,181,AFL Fantasy with The Traders,842419860,2021-02-07,Fantasy Sports,AFL
au,182,Catfish: The Podcast,1542083085,2021-01-27,Relationships,MTV | Wondery
au,183,H3 Podcast,1186098620,2021-02-26,Comedy,Ethan Klein
au,184,Health Report - Full program podcast,74842478,2020-10-26,Health & Fitness,ABC Radio
au,185,The Jolly Swagman Podcast,1236553683,2021-02-22,Investing,Joe Walker
au,186,This Glorious Mess,981373142,2021-02-14,Kids & Family,Mamamia Podcasts
au,187,Where Should We Begin? with Esther Perel,1237931798,2020-09-10,Society & Culture,Esther Perel Global Media & Gimlet
au,188,Radiolab,152249110,2020-10-23,Documentary,WNYC Studios
au,189,Molloy Catchup - Triple M Network,1299954014,2021-03-03,Comedy,Molloy
au,190,The Rich Roll Podcast,582272991,2020-11-16,Self-Improvement,Rich Roll
au,191,Everyone Has An Ex,1502664617,2020-10-26,Documentary,Minty Media
au,192,Today in Focus,1440133626,2021-02-21,Daily News,The Guardian
au,193,VIEWS with David Dobrik and Jason Nash,1236778275,2020-10-27,Comedy,Cadence13
au,194,Revisionist History,1119389968,2020-09-10,Society & Culture,Pushkin Industries
au,195,Conan O’Brien Needs A Friend,1438054347,2020-10-28,Comedy,Team Coco & Earwolf
au,196,A Podcast of One's Own with Julia Gillard,1466658814,2020-10-28,Personal Journals,A Podcast of One's Own with Julia Gillard
au,197,The Girls Bathroom,1461748146,2021-03-03,Personal Journals,Sophia & Cinzia
au,198,Office Ladies,1480311435,2020-12-30,Comedy,Earwolf & Jenna Fischer and Angela Kinsey
au,199,Ladies First with Laura Brown,1537656482,2021-03-02,Fashion & Beauty,InStyle
au,200,The Bible in a Year (with Fr. Mike Schmitz),1539568321,2021-01-02,Christianity,Ascension Catholic Faith Formation
uk,1,Mommy Doomsday,1540849480,2021-02-09,True Crime,NBC News
uk,2,Crime Junkie,1322200189,2020-10-26,True Crime,audiochuck
uk,3,The Daily,1200361736,2020-10-28,Daily News,The New York Times
uk,4,Dateline NBC,1464919521,2020-10-28,True Crime,NBC News
uk,5,Morbid: A True Crime Podcast,1379959217,2020-10-27,Comedy,Morbid: A True Crime Podcast
uk,6,The Bible in a Year (with Fr. Mike Schmitz),1539568321,2020-12-14,Christianity,Ascension Catholic Faith Formation
uk,7,The Ben Shapiro Show,1047335260,2020-10-27,News,The Daily Wire
uk,8,Against The Odds,1553335461,2021-02-23,Society & Culture,Wondery
uk,9,Unraveled: Long Island Serial Killer,1543476170,2020-12-09,True Crime,Investigation Discovery
uk,10,SmartLess,1521578868,2020-10-26,Comedy Interviews,"Will Arnett, Jason Bateman, Sean Hayes"
uk,11,Armchair Expert with Dax Shepard,1345682353,2020-10-26,Comedy,Armchair Umbrella
uk,12,Up First,1222114325,2020-10-28,Daily News,NPR
uk,13,Unsolved Mysteries,1549903604,2021-02-17,True Crime,"Cosgrove Meurer Productions, Inc. + Cadence13"
uk,14,My Favorite Murder with Karen Kilgariff and Georgia Hardstark,1074507850,2020-10-26,True Crime,Exactly Right
uk,15,You're Wrong About,1380008439,2020-10-22,History,Michael Hobbes & Sarah Marshall
uk,16,Macrodosing: Arian Foster and PFT Commenter,1551696865,2021-02-23,Philosophy,Barstool Sports
uk,17,Stuff You Should Know,278981407,2020-10-28,Society & Culture,iHeartRadio
uk,18,The Joe Rogan Experience,360084272,2020-10-28,Comedy,Joe Rogan
uk,19,In Plain Sight: Lady Bird Johnson,1554132477,2021-03-01,History,ABC News
uk,20,This American Life,201671138,2020-10-25,Personal Journals,This American Life
uk,21,The Office Deep Dive with Brian Baumgartner,1550331348,2021-02-09,TV & Film,iHeartRadio
uk,22,The Apology Line,1545233696,2021-01-05,True Crime,Wondery
uk,23,Hidden Brain,1028908750,2020-10-26,Social Sciences,Hidden Brain
uk,24,The Dave Ramsey Show,77001367,2020-10-27,Investing,Ramsey Network
uk,25,Pod Save America,1192761536,2020-10-26,Politics,Crooked Media
uk,26,I AM Athlete Podcast,1537836233,2021-02-19,Sports,"Brandon Marshall, Chad Johnson, Fred Taylor, Channing Crowder"
uk,27,The Dan Bongino Show,965293227,2020-10-28,News Commentary,Westwood One Podcast Network / Dan Bongino
uk,28,The Ezra Klein Show,1548604447,2021-01-13,Society & Culture,New York Times Opinion
uk,29,Call Her Daddy,1418960261,2020-10-28,Comedy,Barstool Sports
uk,30,Red Collar,1541330058,2020-12-01,True Crime,audiochuck
uk,31,Embedded,1091709555,2021-02-25,News Commentary,NPR
uk,32,On Purpose with Jay Shetty,1450994021,2020-11-02,Health & Fitness,Jay Shetty and Kast Media
uk,33,Unlocking Us with Brené Brown,1494350511,2020-10-28,Relationships,Parcast Network
uk,34,LeVar Burton Reads,1244649384,2021-02-23,Performing Arts,LeVar Burton and Stitcher
uk,35,The Opportunist,1551162705,2021-02-16,True Crime,Kast Media
uk,36,The Bill Simmons Podcast,1043699613,2020-10-28,Sports,The Ringer & Bill Simmons
uk,37,Sal and Chris Present: Hey Babe!,1542475843,2021-01-21,Comedy Interviews,No Presh Network
uk,38,2 Bears 1 Cave with Tom Segura & Bert Kreischer,1468013270,2020-10-26,Comedy,YMH Studios
uk,39,The Dan Le Batard Show with Stugotz,934820588,2021-02-16,Sports,"Dan Le Batard, Stugotz"
uk,40,La Brega,1553089886,2021-02-24,Society & Culture,WNYC Studios and Futuro Studios
uk,41,Office Ladies,1480311435,2020-10-28,Comedy,Earwolf & Jenna Fischer and Angela Kinsey
uk,42,Fresh Air,214089682,2020-10-27,Books,NPR
uk,43,No F*cks Given Podcast,1546104578,2021-02-16,Self-Improvement,Sarah Knight and Cadence13
uk,44,Serial,917918570,2020-08-20,News,This American Life
uk,45,Conan O’Brien Needs A Friend,1438054347,2020-10-28,Comedy,Team Coco & Earwolf
uk,46,Something Was Wrong,1447286743,2020-11-23,True Crime,Tiffany Reese
uk,47,Pardon My Take,1089022756,2020-10-28,Football,Barstool Sports
uk,48,Louder with Crowder,929121341,2020-10-26,News,Blaze Podcast Network
uk,49,Planet Money,290783428,2020-10-23,Business,NPR
uk,50,Serial Killers,1205030005,2020-11-02,True Crime,Parcast Network
uk,51,The NPR Politics Podcast,1057255460,2020-10-27,Politics,NPR
uk,52,Monday Morning Podcast,480486345,2020-10-26,Comedy,All Things Comedy | Wondery
uk,53,The Megyn Kelly Show,1532976305,2020-10-28,News Commentary,Devil May Care Media
uk,54,Anatomy of Murder,1532894981,2020-10-28,True Crime,audiochuck
uk,55,Unsolved Murders: True Crime Stories,1122804248,2020-10-27,True Crime,Parcast Network
uk,56,This is Paris,1552058389,2021-02-22,Society & Culture,iHeartRadio & Paris Hilton
uk,57,The Charlie Kirk Show,1460600818,2020-10-28,News,PodcastOne
uk,58,The Michelle Obama Podcast,1532956108,2020-09-30,Relationships,Higher Ground & Spotify
uk,59,Cautionary Tales,1484511465,2021-02-12,History,Pushkin Industries
uk,60,True Crime Obsessed,1232009882,2020-11-03,True Crime,Obsessed Network
uk,61,Consider This from NPR,1503226625,2020-10-27,Daily News,NPR
uk,62,Huberman Lab,1545953110,2021-02-22,Health & Fitness,Dr. Andrew Huberman
uk,63,The Tim Ferriss Show,863897795,2020-10-28,Entrepreneurship,"Tim Ferriss: Bestselling Author, Human Guinea Pig"
uk,64,VIEWS with David Dobrik and Jason Nash,1236778275,2020-11-03,Comedy,Cadence13
uk,65,Earn Your Leisure,1450211392,2021-01-29,Business,The Black Effect and iHeartRadio
uk,66,Wow in the World,1233834541,2021-01-18,Stories for Kids,NPR
uk,67,H3 Podcast,1186098620,2021-01-20,Comedy,Ethan Klein
uk,68,The Moth,275699983,2020-11-03,Performing Arts,The Moth
uk,69,Casefile True Crime,998568017,2020-10-27,True Crime,Casefile Presents
uk,70,How I Built This with Guy Raz,1150510297,2020-10-26,Business,NPR
uk,71,The Daily Show With Trevor Noah: Ears Edition,1334878780,2020-10-28,Comedy,iHeartRadio & Comedy Central
uk,72,The Breakfast Club,1232428553,2020-11-03,Comedy,iHeartRadio
uk,73,The Thing About Pam,1479234915,2019-09-27,True Crime,NBC News
uk,74,Allen v. Farrow Podcast,1554108046,2021-02-24,TV & Film,HBO
uk,75,The Michael Knowles Show,1266577963,2020-11-04,News Commentary,The Daily Wire
uk,76,American Scandal,1435516849,2020-10-27,History,Wondery
uk,77,Tim Pool Daily Show,1362265400,2021-03-02,Politics,Tim Pool
uk,78,I Spy,1482310665,2021-02-23,Society & Culture,Foreign Policy
uk,79,The Bible Recap,1440833267,2020-12-22,Christianity,D-Group
uk,80,The Rachel Maddow Show,294055449,2020-11-03,Daily News,"Rachel Maddow, MSNBC"
uk,81,Sway,1528594034,2020-10-26,Society & Culture,New York Times Opinion
uk,82,Good Sex,1553344468,2021-03-02,Sexuality,Lemonada Media
uk,83,Wait Wait... Don't Tell Me!,121493804,2020-10-24,Comedy,NPR
uk,84,Get Sleepy: Sleep meditation and stories,1487513861,2020-10-28,Alternative Health,Get Sleepy
uk,85,Nurture vs Nurture with Dr. Wendy Mogel,1549814799,2021-02-16,Kids & Family,Armchair Umbrella
uk,86,TED Talks Daily,160904630,2020-10-27,Education,TED
uk,87,The Jordan B. Peterson Podcast,1184022695,2020-11-01,Education,Dr. Jordan B. Peterson
uk,88,UnF*ck Your Brain,1229434818,2021-02-04,Mental Health,Kara Loewentheil
uk,89,Ten Percent Happier with Dan Harris,1087147821,2020-10-28,Mental Health,ABC News
uk,90,Revisionist History,1119389968,2020-09-10,Society & Culture,Pushkin Industries
uk,91,Short Wave,1482575855,2021-01-26,Life Sciences,NPR
uk,92,Supernatural with Ashley Flowers,1500667648,2020-11-04,Society & Culture,Parcast Network
uk,93,Radiolab,152249110,2020-10-23,Documentary,WNYC Studios
uk,94,Zane and Heath: Unfiltered,1478746415,2021-02-08,Comedy Interviews,The Roost x Zane and Heath
uk,95,Even the Rich,1500477470,2020-10-27,Society & Culture,Wondery
uk,96,Adam Carolla Show,306390087,2020-10-28,Comedy,PodcastOne / Carolla Digital
uk,97,BiggerPockets Real Estate Podcast,594419649,2020-10-25,Investing,BiggerPockets
uk,98,Lex Fridman Podcast,1434243584,2020-10-30,Technology,Lex Fridman
uk,99,Revolutions,703889772,2020-12-25,History,Mike Duncan
uk,100,Throughline,1451109634,2020-10-22,History,NPR
uk,101,Higher Learning with Van Lathan and Rachel Lindsay,1515152489,2021-02-12,Society & Culture,The Ringer
uk,102,Jocko Podcast,1070322219,2020-10-28,Business,Jocko DEFCOR Network
uk,103,This Past Weekend,1190981360,2021-02-06,Stand-Up,Theo Von
uk,104,Oprah’s SuperSoul Conversations,1264843400,2020-10-28,Society & Culture,Oprah
uk,105,Duolingo Spanish Podcast,1317493077,2020-10-22,Education,Duolingo
uk,106,"The Doctor's Farmacy with Mark Hyman, M.D.",1382804627,2020-12-04,Medicine,Dr. Mark Hyman
uk,107,Freakonomics Radio,354668519,2020-10-22,Documentary,Freakonomics Radio + Stitcher
uk,108,The Candace Owens Show,1454587745,2020-10-18,Education,PragerU
uk,109,WorkLife with Adam Grant,1346314086,2021-02-23,Management,TED
uk,110,True Crime Garage,1062418176,2020-10-28,True Crime,TRUE CRIME GARAGE
uk,111,Mark Levin Podcast,209377688,2020-11-04,News Commentary,Westwood One Podcast Network
uk,112,The Matt Walsh Show,1367210511,2021-01-06,News Commentary,The Daily Wire
uk,113,Anything Goes with Emma Chamberlain,1458568923,2021-02-18,Personal Journals,Emma Chamberlain and Ramble
uk,114,Maintenance Phase,1535408667,2021-03-02,Health & Fitness,Aubrey Gordon & Michael Hobbes
uk,115,The Glenn Beck Program,620967489,2020-10-27,News Commentary,Blaze Podcast Network
uk,116,Dr. Death,1421573955,2020-10-27,True Crime,Wondery
uk,117,Reparations: The Big Payback,1548013961,2021-02-18,Documentary,The Black Effect & iHeartRadio
uk,118,NPR News Now,121493675,2020-11-04,Daily News,NPR
uk,119,Bridgerton: The Official Podcast,1551820452,2021-02-25,TV & Film,Shondaland Audio & iHeartRadio
uk,120,Lore,978052928,2020-10-26,History,Aaron Mahnke and Grim & Mild
uk,121,Made For This with Jennie Allen,1466667116,2021-03-02,Christianity,Jennie Allen
uk,122,Sex With Emily,82456189,2021-02-09,Sexuality,"Emily Morse, Doctor of Human Sexuality - SexWithEmily.com"
uk,123,The Pat McAfee Show 2.0,1435183458,2020-10-29,Sports,Pat McAfee
uk,124,Stuff You Missed in History Class,283605519,2020-11-02,History,iHeartRadio
uk,125,The Mindset Mentor,1033048640,2021-01-08,Mental Health,Rob Dial and Kast Media
uk,126,99% Invisible,394775318,2020-10-27,Design,Roman Mars
uk,127,WTF with Marc Maron Podcast,329875043,2020-11-02,Comedy,Marc Maron
uk,128,Inside Jokes with Kevin Hart,1549388085,2021-01-27,Comedy Interviews,SiriusXM
uk,129,Evil By Design,1545659686,2021-01-27,True Crime,CBC Podcasts
uk,130,Jensen and Holes: The Murder Squad,1455668750,2020-11-04,True Crime,Exactly Right
uk,131,REAL AF with Andy Frisella,1012570406,2021-01-23,Business,Andy Frisella #100to0
uk,132,Global News Podcast,135067274,2020-11-04,News,BBC World Service
uk,133,The Morning Toast,1368081567,2021-01-14,Comedy,Toast News Network
uk,134,The Way I Heard It with Mike Rowe,1087110764,2020-10-27,Society & Culture,Mike Rowe
uk,135,The MeatEater Podcast,960902903,2021-02-15,Wilderness,MeatEater
uk,136,Criminal,809264944,2020-10-23,True Crime,Criminal & Radiotopia
uk,137,Sword and Scale,790487079,2020-10-26,True Crime,Incongruity
uk,138,Joel Osteen Podcast,137254859,2020-10-28,Christianity,Joel Osteen
uk,139,And That's Why We Drink,1204570053,2020-10-25,Comedy,Kast Media
uk,140,Bannon's War Room,1485351658,2020-10-27,Politics,WarRoom.org
uk,141,BECOMING:us with Moriah & Joel Smallbone,1553385816,2021-02-11,Christianity,AccessMore
uk,142,Dan Carlin's Hardcore History,173001861,2020-06-03,History,Dan Carlin
uk,143,Code Switch,1112190608,2020-10-28,News,NPR
uk,144,Giggly Squad,1536352412,2021-02-23,After Shows,Hannah Berner & Paige DeSorbo
uk,145,The Vanished Podcast,1081124929,2020-10-26,True Crime,Wondery
uk,146,Empty Inside,1524250628,2021-02-24,Self-Improvement,Jennette McCurdy
uk,147,Nice White Parents,1524080195,2020-08-20,Society & Culture,Serial & The New York Times
uk,148,The Rubin Report,1052842770,2021-02-08,News Commentary,Blaze Podcast Network
uk,149,Bachelor Happy Hour,1473649053,2021-01-19,TV & Film,Bachelor Nation | Wondery
uk,150,Nothing much happens; bedtime stories to help you sleep,1378040733,2021-02-22,Alternative Health,Curiouscast
uk,151,The Tim Dillon Show,1135137367,2020-11-01,Comedy Interviews,Tim Dillon
uk,152,The Journal.,1469394914,2021-01-07,Daily News,The Wall Street Journal & Gimlet
uk,153,Pivot,1073226719,2021-02-16,News Commentary,New York Magazine
uk,154,The Investing for Beginners Podcast - Your Path to Financial Freedom,1210741497,2021-01-07,Investing,Andrew Sather and Dave Ahern
uk,155,Coffee Convos Podcast with Kail Lowry & Lindsie Chrisley,1305546061,2021-02-25,Society & Culture,Kail Lowry & Lindsie Chrisley
uk,156,The Indicator from Planet Money,1320118593,2021-01-19,Business,NPR
uk,157,Serendipity With Inky Johnson,1553377190,2021-03-01,Self-Improvement,The Resonance Network
uk,158,This Is Important,1529931681,2020-12-29,Comedy,iHeartRadio
uk,159,Verdict with Ted Cruz,1495601614,2020-10-28,Politics,Ted Cruz
uk,160,Unashamed with Phil & Jase Robertson,1460147025,2020-10-26,Religion & Spirituality,Unashamed with Phil & Jase Robertson
uk,161,The Chris Rose Rotation,1555532184,2021-03-01,Baseball,Jomboy Media
uk,162,"Follow Him: A Come, Follow Me Podcast with Hank Smith & John Bytheway",1545433056,2020-12-27,Christianity,David Perry
uk,163,"My Brother, My Brother And Me",367330921,2020-10-27,Comedy,The McElroys
uk,164,This Is Actually Happening,497227384,2020-10-27,True Crime,Wondery
uk,165,This is Tulsi Gabbard,1549623127,2021-01-19,Society & Culture,Tulsi Media
uk,166,TED Radio Hour,523121474,2020-10-23,Technology,NPR
uk,167,The School of Greatness,596047499,2021-02-17,Alternative Health,Lewis Howes
uk,168,FiveThirtyEight Politics,1077418457,2020-10-27,Politics,"FiveThirtyEight, 538, ABC News, Nate Silver"
uk,169,The Food That Built America,1551644089,2021-02-04,History,The HISTORY Channel & OZY
uk,170,Life Kit,1461493560,2020-12-24,Health & Fitness,NPR
uk,171,Spittin Chiclets,1112425552,2021-02-16,Hockey,Barstool Sports
uk,172,SweeTalks,1553695333,2021-02-19,Comedy,sweetea
uk,173,The Read,619369512,2021-02-16,Comedy,Loud Speakers Network
uk,174,Through The Cracks,1545174922,2021-02-25,True Crime,WAMU
uk,175,Bad Friends,1496265971,2021-02-15,Comedy,Andrew Santino and Bobby Lee
uk,176,The Happiness Lab with Dr. Laurie Santos,1474245040,2020-10-12,Society & Culture,Pushkin Industries
uk,177,Tenfold More Wicked,1538204210,2021-01-25,True Crime,Exactly Right
uk,178,WHOA That's Good Podcast,1433974017,2020-10-28,Christianity,Sadie Robertson
uk,179,48 Hours,965818306,2020-12-27,True Crime,CBS News Radio
uk,180,Business Wars,1335814741,2021-01-18,Management,Wondery
uk,181,Deep Cover: The Real Donnie Brasco,1515609437,2020-12-21,True Crime,Jam Street Media
uk,182,The Herd with Colin Cowherd,1042368254,2021-02-17,Football,iHeartRadio
uk,183,Motley Fool Money,306106212,2021-01-22,Investing,The Motley Fool
uk,184,Odessa,1554535631,2021-02-26,Documentary,The New York Times
uk,185,Elevation with Steven Furtick,216015753,2021-02-22,Christianity,Elevation Church
uk,186,Impaulsive with Logan Paul,1442164847,2021-02-09,Comedy,Logan Paul
uk,187,Conspiracy Theories,1337195586,2020-10-28,History,Parcast Network
uk,188,A Word … with Jason Johnson,1549266269,2021-02-26,News Commentary,Slate Podcasts
uk,189,DISGRACELAND,1275172907,2021-03-02,Music,Jake Brennan
uk,190,That Happens,1555616752,2021-02-19,Comedy,"Harmontown LLC, Starburns Audio LLC"
uk,191,The Bill Bert Podcast,1484912138,2021-02-24,Comedy,All Things Comedy
uk,192,Relatable with Allie Beth Stuckey,1359249098,2021-02-25,News Commentary,Blaze Podcast Network
uk,193,The Joe Budden Podcast with Rory & Mal,1535809341,2020-10-28,Music,The Joe Budden Network
uk,194,Do No Harm,1537865727,2021-02-16,True Crime,Wondery | NBC News
uk,195,BibleProject,1050832450,2020-12-21,Christianity,BibleProject
uk,196,Marketplace,201853034,2021-03-03,Business News,Marketplace
uk,197,20/20,987967575,2020-11-22,News,ABC News
uk,198,The Experiment,1549704404,2021-01-25,Documentary,The Atlantic and WNYC Studios
uk,199,Up and Vanished,1140596919,2020-10-15,True Crime,Tenderfoot TV
uk,200,HISTORY This Week,1493453604,2021-03-01,History,The HISTORY Channel
nz,1,Against The Odds,1553335461,2021-02-11,Society & Culture,Wondery
nz,2,Conning the Con,1516505977,2021-01-10,True Crime,Sarah Ferris & Emma Ferris
nz,3,RNZ: The Detail,1459959514,2020-10-28,News,RNZ
nz,4,Collapse,1550688418,2021-02-11,History,Stuff
nz,5,Mommy Doomsday,1540849480,2021-02-09,True Crime,NBC News
nz,6,Crime Junkie,1322200189,2020-10-26,True Crime,audiochuck
nz,7,Catching Melanie's Killer - A True Crime Podcast by ITV News,1547959383,2021-02-02,True Crime,ITV News
nz,8,empowered with Revie,1555388617,2021-02-25,Society & Culture,The Spin Studio
nz,9,"Fletch, Vaughan & Megan on ZM",1231214743,2020-10-27,Comedy,ZM
nz,10,Casefile True Crime,998568017,2020-10-27,True Crime,Casefile Presents
nz,11,That's Enough Already with Urzila Carlson,1553718256,2021-02-28,Comedy Interviews,Urzila Carlson
nz,12,Alan Carr's 'Life's a Beach',1550998864,2021-02-01,Comedy Interviews,Travesty Media
nz,13,The Daily,1200361736,2020-10-28,Daily News,The New York Times
nz,14,Chameleon: Hollywood Con Queen,1532225667,2020-10-27,Society & Culture,Campside Media
nz,15,Grounded with Louis Theroux,1508985962,2020-06-29,Personal Journals,BBC Radio 4
nz,16,The Baseline Podcast,1544276107,2021-03-02,Basketball,"Stevie Cozens, Josh Jeffares"
nz,17,Jase & PJ,1332566161,2020-10-28,Comedy,iHeartRadio Australia & KIIS
nz,18,Stuff You Should Know,278981407,2020-10-28,Society & Culture,iHeartRadio
nz,19,You're Wrong About,1380008439,2020-10-22,History,Michael Hobbes & Sarah Marshall
nz,20,My Favorite Murder with Karen Kilgariff and Georgia Hardstark,1074507850,2020-10-26,True Crime,Exactly Right
nz,21,RNZ: Fragments,1553386057,2021-02-21,Society & Culture,RNZ
nz,22,You're Dead To Me,1479973402,2020-10-09,History,BBC Radio 4
nz,23,RNZ: NZ Wars: Stories of Tainui,1553423837,2021-02-12,History,RNZ
nz,24,Armchair Expert with Dax Shepard,1345682353,2020-10-26,Comedy,Armchair Umbrella
nz,25,On Purpose with Jay Shetty,1450994021,2020-10-26,Health & Fitness,Jay Shetty and Kast Media
nz,26,Private Affairs,1550913479,2021-02-25,Drama,Christine/DJ Kix
nz,27,No Such Thing As A Fish,840986946,2020-10-23,Comedy,No Such Thing As A Fish
nz,28,Today in Focus,1440133626,2020-10-28,Daily News,The Guardian
nz,29,Cautionary Tales,1484511465,2021-02-12,History,Pushkin Industries
nz,30,The Joe Rogan Experience,360084272,2020-10-28,Comedy,Joe Rogan
nz,31,The Matt & Jerry Show,1229513888,2020-10-28,Comedy,Radio Hauraki
nz,32,Remember When…,1552795520,2021-02-23,Society & Culture,The Spinoff
nz,33,The Planty Podie,1539353861,2021-02-22,Nutrition,Chloe Garnham
nz,34,Huberman Lab,1545953110,2021-01-04,Health & Fitness,Dr. Andrew Huberman
nz,35,The Property Academy Podcast,1481465172,2020-10-28,Investing,Opes Partners
in,1,Sadhguru's Podcast,347854569,2020-11-30,Spirituality,Sadhguru
in,2,Gita For Daily Living,584092091,2020-10-17,Hinduism,Neil Bhatt
in,3,TED Talks Daily,160904630,2020-10-28,Education,TED
in,4,On Purpose with Jay Shetty,1450994021,2020-10-26,Health & Fitness,Jay Shetty and Kast Media
in,5,The Cipher,1543887425,2021-01-26,Drama,BBC Radio
in,6,What's Up Sister?,1554876547,2021-02-22,Personal Journals,What's up Sister
in,7,"Think Fast, Talk Smart: Communication Techniques.",1494989268,2020-10-22,Careers,Stanford GSB
in,8,Unofficial Sources,1548244887,2021-01-11,Business,The Ken
in,9,Maed in India,1009197596,2021-03-01,Music Interviews,Maed in India
in,10,Finshots Daily,1532901566,2020-10-28,Business,Finshots
in,11,6 Minute Vocabulary,1036379102,2020-10-26,Education,BBC Radio
in,12,Practically Gita,1548187636,2021-02-10,Self Help,WYN Studio
in,13,2000 Books for Ambitious Entrepreneurs - Author Interviews and Book Summaries,1119439036,2020-09-21,Entrepreneurship,Mani Vaya
in,14,Old Hindi Songs's show,1548383228,2021-01-12,Music,Hindu Epics
in,15,Daily Motivation Podcast,1035148051,2016-10-05,Alternative Health,Daily Motivation Podcast
in,16,The Intelligence,1449631195,2020-10-28,Daily News,The Economist
in,17,The Stories of Mahabharata,888135469,2020-09-09,Performing Arts,Sudipta Bhawmik
in,18,The History of India Podcast,1041684187,2020-05-01,History,Kit Patrick
in,19,Little Explorers - Countries In The World,1549390988,2021-02-10,Places & Travel,Chimes Radio
in,20,Zerodha Educate,1448599498,2020-10-24,Investing,Zerodha
in,21,Akashavani English News,1536206996,2020-10-28,Daily News,All India Radio
in,22,Bhagavad Gita Hindi,1114062334,2017-01-31,Hinduism,Yatharth Geeta
in,23,The Mindvalley Podcast with Vishen Lakhiani,1317823455,2020-10-28,Health & Fitness,Mindvalley
in,24,Moneycontrol Podcast,1340196987,2020-10-28,Business,moneycontrol
in,25,The Daily Mastery Podcast by Robin Sharma,1521068608,2020-11-13,Self Help,Robin Sharma
in,26,We Study Billionaires - The Investor’s Podcast Network,928933489,2020-10-25,Investing,The Investor's Podcast Network
in,27,The Tastes of India Podcast in Hindi : Healthy Living Tips and Cookery Show,1039644241,2021-02-28,Food,"Puja - Blogger, Home Business Owner, Self Proclaimed Cook"
in,28,Behind Every Dream,1550874620,2021-02-18,Mental Health,Shivani Bafna
in,29,The English We Speak,262026989,2020-10-27,Education,BBC Radio
in,30,IELTS Podcast,524002915,2021-01-28,Language Learning,Ben Worthington
in,31,Brewing Talks,1552164995,2021-03-02,Marketing,Ep.Log Media
in,32,The GaryVee Audio Experience,928159684,2020-10-28,Entrepreneurship,Gary Vaynerchuk
in,33,Sandeep Maheshwari Motivation,1549822234,2021-02-05,Self Help,Sandeep Maheshwari
in,34,The Big Story,1437983503,2020-10-29,News,The Quint
in,35,Is Romance Dead?,1534542817,2020-11-06,Relationships,Maed in India
in,36,3 Things,1406730235,2020-10-28,News,The Indian Express
in,37,Modern Love,1065559535,2020-10-21,Relationships,The New York Times
in,38,The Joe Rogan Experience,360084272,2020-10-28,Comedy,Joe Rogan
in,39,The Seen and the Unseen - hosted by Amit Varma,1190896090,2020-10-25,Politics,Amit Varma
in,40,The Tim Ferriss Show,863897795,2020-10-28,Entrepreneurship,"Tim Ferriss: Bestselling Author, Human Guinea Pig"
in,41,Naval,1454097755,2020-07-15,Investing,Naval
in,42,WorkLife with Adam Grant,1346314086,2020-05-12,Management,TED
in,43,PURIJAGANNADH,1522708820,2020-10-23,Hobbies,Purijagannadh
in,44,The Passion People Podcast,1206967377,2021-02-26,Personal Journals,Ep.Log Media
in,45,The Ranveer Show,1490896085,2021-03-02,Self Help,BeerBiceps aka Ranveer Allahbadia
in,46,Global News Podcast,135067274,2021-03-03,News,BBC World Service
in,47,Classic English Stories For Kids,1509930659,2021-03-03,Stories for Kids,Chimes Radio
in,48,The Musafir Stories - India Travel Podcast,1209849464,2021-02-22,Places & Travel,Saif & Faiza
in,49,Red FM Bauaa,1118875240,2021-02-18,Comedy,Red FM
in,50,ThePrint,1488735954,2021-03-03,Politics,ThePrint
in,51,The Documentary Podcast,73802620,2020-10-27,History,BBC World Service
in,52,Waveform: The MKBHD Podcast,1474429475,2020-10-16,Technology,Studio71
in,53,6 Minute Grammar,1080974028,2020-10-27,Education,BBC Radio
in,54,Little Stories for Tiny People: Anytime and bedtime stories for kids,1039511252,2021-02-07,Stories for Kids,Rhea Pechter
in,55,UNKUT KRITIKA,1517640300,2020-10-31,Self Help,Kritika Khurana
in,56,9XM Song Secret,1516770387,2020-10-24,Music Interviews,Ep.Log Media
in,57,Philosophize This!,659155419,2020-10-20,Philosophy,Stephen West
in,58,BloombergQuint All You Need To Know,1440116479,2020-10-28,Investing,IVM Podcasts
in,59,Stuff You Should Know,278981407,2020-10-28,Society & Culture,iHeartRadio
in,60,Bangalore In Stories,1547246790,2021-01-27,Documentary,PodMacha Studios
in,61,Get Sleepy: Sleep meditation and stories,1487513861,2020-12-02,Alternative Health,Get Sleepy
in,62,The Great Indian Marketing Show,1542664721,2021-01-05,Marketing,Aadil Bandukwala & Kaushik Satish
in,63,Daily Dose,1456761991,2020-10-28,News,Newslaundry.com
in,64,We Are What We Eat: Pay The Farmer Not The Pharmacy,1512934794,2020-11-16,Nutrition,Meera & Ashok Vasudevan
in,65,Unsolved Murders: True Crime Stories,1122804248,2020-12-01,True Crime,Parcast Network
in,66,Cyrus Says,979118845,2020-10-28,Comedy,IVM Podcasts
in,67,Saregama Carvaan Classic Retro Music,1131144827,2019-12-26,Music,Saregama India Ltd
in,68,HBR IdeaCast,152022135,2020-10-27,Management,Harvard Business Review
in,69,The Mindset Mentor,1033048640,2020-10-28,Mental Health,Rob Dial and Kast Media
in,70,DJ TRIPLE S - Mix Series,1394251788,2020-06-21,Music,DJ TRIPLE S
in,71,In Focus by The Hindu,1494440867,2020-10-26,News Commentary,The Hindu
in,72,The Sadhguru Podcast,1479332846,2019-09-25,Spirituality,The Sadhguru Podcast
in,73,The Daily Show With Trevor Noah: Ears Edition,1334878780,2020-10-28,Comedy,iHeartRadio & Comedy Central
in,74,The McKinsey Podcast,285260960,2020-10-09,Management,McKinsey & Company
in,75,Economist Radio,151230264,2020-10-28,News,The Economist
in,76,CNN Daily News Briefing,1436719991,2020-12-11,Daily News,CNN
in,77,TED Business,470622782,2020-10-26,Business,TED
in,78,Vedanta and Yoga,160835381,2020-05-24,Spirituality,"Ramakrishna Vedanta Society, Boston"
in,79,The Indian Edit,1377845840,2021-02-02,Personal Journals,Nitasha Manchanda
in,80,Kwik Brain with Jim Kwik,1208024744,2020-10-26,Self Help,"Jim Kwik, Your Brain Coach, Founder www.KwikLearning.com"
in,81,Masters of Scale with Reid Hoffman,1227971746,2020-10-27,Management,WaitWhat
in,82,The Michelle Obama Podcast,1532956108,2020-09-30,Relationships,Higher Ground & Spotify
in,83,How I Built This with Guy Raz,1150510297,2020-10-26,Business,NPR
in,84,Business Wars,1335814741,2020-10-28,Management,Wondery
in,85,Duolingo Spanish Podcast,1317493077,2020-10-22,Education,Duolingo
in,86,"Hey, Stranger!",1547086264,2021-01-19,Society & Culture,Thoraya Maronesy
in,87,Paisa Vaisa,1239293215,2020-10-26,Investing,IVM Podcasts
in,88,Cementing Wedding With Marriage - ( Marathi Podcast),1552604499,2021-02-24,Relationships,NACHIKET KSHIRE & LEENA PARANJPE
in,89,"Feel Better, Live More with Dr Rangan Chatterjee",1333552422,2021-02-17,Alternative Health,Dr Rangan Chatterjee: GP & Author
in,90,RED FM LOVE STORY by RJ PAHI,1289643592,2021-02-09,Personal Journals,Red FM
in,91,Genius Bar,1550568878,2021-01-25,Technology,Jon Prosser + Sam Kohl
in,92,All Indians Matter,1527740349,2021-02-04,News Commentary,Ideabrew Studios
in,93,The Dr. John Berardi Show,1553695927,2021-01-30,Health & Fitness,John Berardi
in,94,Good Night Stories for Adults by Roshan Abbas,1515378138,2021-02-05,Relationships,Kommune
in,95,The Robin Sharma Mastery Sessions,1068207118,2020-03-05,Education,Robin Sharma
in,96,Bollywood Weekly,1003811629,2021-02-20,TV & Film,TiC Productions
in,97,Akbar Birbal Stories- Hindi Moral Tales,1509930788,2021-02-25,Stories for Kids,Chimes Radio
in,98,The Knowledge Project with Shane Parrish,990149481,2021-02-23,Investing,Farnam Street
in,99,The Devdutt Pattanaik Show | Mirchi,1465487889,2020-03-04,Philosophy,Devdutt Pattanaik
in,100,Learn English | EnglishClass101.com,323145903,2021-03-02,Language Learning,EnglishClass101.com
in,101,Prime Time with Ravish,1442530475,2020-12-02,News,NDTV
in,102,Sadhguru Speeches by Sync Mind,1481769883,2020-08-15,Society & Culture,Sync Mind/Sadhguru Speeches
in,103,The Kulstarr Fix,1391332856,2019-04-29,Music,Kulstarr
in,104,IELTS Energy English Podcast,969076668,2020-10-28,Language Learning,Lindsay McMahon and Jessica Beck
in,105,Sidhu Oye Sidhu,1523324463,2020-07-25,Music Commentary,Music Crew
in,106,Kathe Paend - A place to tell stories of Kashmir,1545333588,2021-02-02,History,Red FM
in,107,FT News Briefing,1438449989,2020-10-29,Daily News,Financial Times
in,108,Hidden Brain,1028908750,2020-10-26,Social Sciences,Hidden Brain
in,109,TED-Ed: Lessons Worth Sharing,1039991663,2020-08-09,Education,TED
in,110,TED Talks Education,470623037,2020-06-19,Courses,TED
in,111,Hindi Song,1504664694,2020-03-22,Performing Arts,KHASI SONG
in,112,VIEWS with David Dobrik and Jason Nash,1236778275,2020-10-27,Comedy,Cadence13
in,113,WhatsApp University And Corona(Hindi) The Debator!,1515173768,2020-05-15,Documentary,The Galaga Guy
in,114,DJDeepNYC,1437907791,2020-07-25,Music,DjDeepNYC
in,115,Guided Meditations by Gurudev Sri Sri Ravi Shankar,1521855921,2020-06-23,Health & Fitness,Art of Living
in,116,The Indian Startup Show,1031590716,2020-10-14,Technology,Neil Patel
in,117,Akashavani Hindi News,1536206642,2020-10-28,Daily News,All India Radio
in,118,NL Hafta,582585399,2020-10-24,News,Newslaundry.com
in,119,Office Ladies,1480311435,2020-10-28,Comedy,Earwolf & Jenna Fischer and Angela Kinsey
in,120,7 Good Minutes Daily Self-Improvement Podcast with Clyde Lee Dennis,1346062517,2020-10-28,Self Help,Clyde Lee Dennis
in,121,Kya Swaad Hai,1545139371,2020-12-25,Food,WYN Studio
in,122,Freakonomics Radio,354668519,2020-10-22,Documentary,Freakonomics Radio + Stitcher
in,123,Coaching for Leaders,458827716,2021-02-22,Management,Dave Stachowiak
in,124,Mayim Bialik's Breakdown,1546456269,2021-02-23,Health & Fitness,Mayim Bialik
in,125,Oprah’s SuperSoul Conversations,1264843400,2021-02-24,Society & Culture,Oprah
in,126,Simple Ken - Hosted by Kenny Sebastian,1498977285,2021-01-26,Comedy,Kenny Sebastian
in,127,Impaulsive with Logan Paul,1442164847,2021-02-25,Comedy,Logan Paul
in,128,99% Invisible,394775318,2020-12-18,Design,Roman Mars
in,129,Marketing School - Digital Marketing and Online Marketing Tips,1138869817,2020-10-28,Marketing,Eric Siu & Neil Patel
in,130,6 Minute English,262026947,2020-10-22,Education,BBC Radio
in,131,Rediscovering Self with Amrutam,1540303192,2020-12-25,Mental Health,Rediscovering Self
in,132,Mufti Menk,592746186,2021-02-02,Islam,Muslim Central
in,133,Huberman Lab,1545953110,2020-12-21,Health & Fitness,Dr. Andrew Huberman
in,134,Heirs of The Pandavas,1526452361,2020-10-17,Fiction,WYN Studio
in,135,Books and Beyond with Bound,1502692172,2020-10-27,Books,Bound Podcasts
in,136,The School of Greatness,596047499,2020-10-28,Alternative Health,Lewis Howes
in,137,Love Me,1121239439,2020-10-22,Society & Culture,CBC Podcasts
in,138,Detective Mathema's Maths Puzzles for Kids,1184274374,2016-12-09,Education for Kids,Fun Kids
